cluster,account,posts,domains,first,last,tags,uids,domain_list,prior_case,source_file
cand-docilepuppy,dison26475,2,1,2026-01-04,2026-01-16,threads14074,,itigeryou.com,,sweep_b1_accounts.csv
cand-docilepuppy,doushijiahao265,1,1,2025-09-16,2025-09-16,threads5248,,itigeryou.com,CASE-2026-003,sweep_b1_accounts.csv
cand-docilepuppy,hemiho4545,1,1,2025-09-16,2025-09-16,threads4423,,itigeryou.com,,sweep_b1_accounts.csv
cand-docilepuppy,ksxyiy,2,1,2025-06-08,2025-06-09,threads7482,,itigeryou.com,,sweep_b1_accounts.csv
cand-docilepuppy,leealy796,5,1,2025-09-18,2026-03-14,threads9656,,itigeryou.com,CASE-2026-003,sweep_b1_accounts.csv
cand-docilepuppy,mariakeppel8,1,1,2025-09-11,2025-09-11,threads9603,,itigeryou.com,CASE-2026-003,sweep_b1_accounts.csv
cand-docilepuppy,summer_699,1,1,2025-07-09,2025-07-09,,,itigeryou.com,CASE-2026-003,sweep_b1_accounts.csv
cand-docilepuppy,yejemav128,1,1,2025-09-16,2025-09-16,threads4397,,itigeryou.com,,sweep_b1_accounts.csv
family-01,chew8313,2,1,2026-02-25,2026-02-25,,8427,cocovn.net,,sweep_b1_accounts.csv
family-01,chinesenews747,24,3,2024-07-16,2025-11-21,,1883,"cocovn.net,ptttube.com,runelse.com",,sweep_b1_accounts.csv
family-01,cute.cute1229,9,1,2024-12-20,2025-08-26,,,runelse.com,,sweep_b1_accounts.csv
family-01,ericcheww,1,1,2026-02-25,2026-02-25,,8427,cocovn.net,,sweep_b1_accounts.csv
family-01,fararrinews747,2,1,2025-11-21,2025-11-21,,1883,cocovn.net,,sweep_b1_accounts.csv
family-01,fbnews747,20,1,2024-12-14,2024-12-19,,1883,runelse.com,,sweep_b1_accounts.csv
family-01,girlsnews747,24,3,2024-07-16,2025-11-21,,1883,"cocovn.net,ptttube.com,runelse.com",,sweep_b1_accounts.csv
family-01,hui1.181,4,1,2025-12-17,2026-09-06,,3863,vivi01.com,,sweep_b1_accounts.csv
family-01,hui1181_2,4,1,2026-02-14,2026-09-06,,3863,vivi01.com,,sweep_b1_accounts.csv
family-01,keatcek000003,4,1,2026-01-13,2026-01-14,,,runelse.com,,sweep_b1_accounts.csv
family-01,news.xinwen,1,1,2026-01-14,2026-01-14,,,vivi01.com,,sweep_b1_accounts.csv
family-01,phpnews747,25,2,2024-07-16,2024-12-19,,1883,"ptttube.com,runelse.com",,sweep_b1_accounts.csv
family-01,tiktoknews747,22,1,2024-12-14,2024-12-19,,1883,runelse.com,,sweep_b1_accounts.csv
family-01,turnerhugheshughes,1,1,2026-03-19,2026-03-19,,8958,cocovn.net,,sweep_b1_accounts.csv
family-01,tvbzuixinzixun,254,1,2024-11-24,2025-10-05,,576,vodsilo.cc,,sweep_b1_accounts.csv
family-01,video_clips818,7,1,2025-03-23,2025-11-09,,,runelse.com,,sweep_b1_accounts.csv
family-01,youtubenews747,22,1,2024-12-14,2024-12-19,,1883,runelse.com,,sweep_b1_accounts.csv
family-01,yunghuiwong,20,1,2025-11-04,2026-09-07,,3863,vivi01.com,,sweep_b1_accounts.csv
qsh-alpha,016c5276757,46,1,2026-06-14,2026-07-17,,,lovewdk.com,CASE-2026-003,sweep_b1_accounts.csv
qsh-alpha,ailing_law,31,2,2025-06-29,2026-07-14,,,"fgnj1634.com,lovewdk.com",,sweep_b1_accounts.csv
qsh-alpha,aimuhui,20,1,2026-08-11,2026-09-07,,,wujfu.com,,sweep_b1_accounts.csv
qsh-alpha,arrietlinor3235,46,1,2026-08-11,2026-09-07,,,roadstert.com,,sweep_b1_accounts.csv
qsh-alpha,avyvq1,74,1,2025-01-18,2025-08-05,,,picture.t9y3c.com,,sweep_b1_accounts.csv
qsh-alpha,bgy49052,2,1,2025-12-17,2026-01-19,,,12beststar.com,,sweep_b1_accounts.csv
qsh-alpha,bikulov.petr,51,2,2024-10-25,2025-02-13,,,"cartoontalking.com,sarahtalkshow.com",,sweep_b1_accounts.csv
qsh-alpha,bufengwuna,17,1,2026-08-06,2026-09-07,,,lfqgj.com,,sweep_b1_accounts.csv
qsh-alpha,cc.feng123,1,1,2025-08-28,2025-08-28,threads2051,,12beststar.com,,sweep_b1_accounts.csv
qsh-alpha,cco5b5,1,1,2025-06-14,2025-06-14,threads7743,,foodszon.com,CASE-2026-003,sweep_b1_accounts.csv
qsh-alpha,ccz73928,6,2,2025-12-01,2026-08-30,,,"veltot.com,wujfu.com",CASE-2026-003,sweep_b1_accounts.csv
qsh-alpha,cheungna3,1,1,2025-11-21,2025-11-21,,,foodszon.com,,sweep_b1_accounts.csv
qsh-alpha,doushijiahao123,16,1,2026-08-05,2026-09-07,,,lfqgj.com,,sweep_b1_accounts.csv
qsh-alpha,dunaykin.igor,39,1,2026-08-11,2026-09-07,,,wujfu.com,CASE-2026-003,sweep_b1_accounts.csv
qsh-alpha,gld50844,1,1,2025-03-21,2025-03-21,threads4219,,cartoontalking.com,,sweep_b1_accounts.csv
qsh-alpha,gm2hfo1,1,1,2025-05-27,2025-05-27,threads7453,,foodszon.com,,sweep_b1_accounts.csv
qsh-alpha,ha0lqz2025,2,1,2025-05-23,2025-06-12,threads7950,,foodszon.com,,sweep_b1_accounts.csv
qsh-alpha,hanqiuyue2,50,1,2025-06-30,2025-07-24,,,fgnj1634.com,CASE-2026-003,sweep_b1_accounts.csv
qsh-alpha,hia153866,11,1,2026-08-12,2026-09-07,,,roadstert.com,,sweep_b1_accounts.csv
qsh-alpha,hongjingru96,8,1,2026-08-19,2026-09-07,,,wujfu.com,,sweep_b1_accounts.csv
qsh-alpha,hongrong74,9,1,2026-08-13,2026-09-07,,,wujfu.com,,sweep_b1_accounts.csv
qsh-alpha,huntereleanor11,9,1,2025-02-10,2025-02-12,threads3219,,cartoontalking.com,,sweep_b1_accounts.csv
qsh-alpha,iovd5k,3,1,2025-06-06,2025-06-15,threads7422,,foodszon.com,CASE-2026-003,sweep_b1_accounts.csv
qsh-alpha,ivanovivanebe,20,1,2024-10-22,2024-11-05,threads2384,,sarahtalkshow.com,,sweep_b1_accounts.csv
qsh-alpha,jbn03297,63,1,2026-08-11,2026-09-07,,,roadstert.com,CASE-2026-003,sweep_b1_accounts.csv
qsh-alpha,jingcaifung,1,1,2025-10-13,2025-10-13,,,12beststar.com,CASE-2026-003,sweep_b1_accounts.csv
qsh-alpha,jlsilv.902,8,1,2025-02-11,2025-02-12,threads336,,cartoontalking.com,,sweep_b1_accounts.csv
qsh-alpha,juliana551107,12,1,2026-03-25,2026-08-29,threads11044,,veltot.com,,sweep_b1_accounts.csv
qsh-alpha,junyan5858,6,1,2024-10-28,2024-11-06,,,sarahtalkshow.com,,sweep_b1_accounts.csv
qsh-alpha,jyuhuai,10,1,2024-10-23,2024-10-29,threads2399,,sarahtalkshow.com,,sweep_b1_accounts.csv
qsh-alpha,jza00060,2,1,2025-03-24,2025-03-24,threads744,,cartoontalking.com,,sweep_b1_accounts.csv
qsh-alpha,katherineouz__,20,1,2025-07-02,2025-07-24,,,fgnj1634.com,,sweep_b1_accounts.csv
qsh-alpha,katheryn_baez,8,1,2025-02-11,2025-02-12,threads2269,,cartoontalking.com,CASE-2026-003,sweep_b1_accounts.csv
qsh-alpha,lailinlin0916,13,1,2026-08-15,2026-09-07,,,wujfu.com,,sweep_b1_accounts.csv
qsh-alpha,leealy796,7,2,2025-11-08,2026-03-12,threads9656,,"12beststar.com,uoovo.com",CASE-2026-003,sweep_b1_accounts.csv
qsh-alpha,lihaiwei2904,1,1,2025-10-28,2025-10-28,,,12beststar.com,CASE-2026-003,sweep_b1_accounts.csv
qsh-alpha,linpingyuan1,15,1,2026-08-13,2026-09-07,,,wujfu.com,,sweep_b1_accounts.csv
qsh-alpha,liuyuqing929,7,1,2026-08-17,2026-09-07,,,wujfu.com,,sweep_b1_accounts.csv
qsh-alpha,lkv07771,2,1,2025-03-21,2025-03-21,threads4191,,cartoontalking.com,,sweep_b1_accounts.csv
qsh-alpha,lvv86689,9,1,2025-02-10,2025-02-12,threads745,,cartoontalking.com,,sweep_b1_accounts.csv
qsh-alpha,mariaheloise260,8,1,2025-02-10,2025-02-12,threads3214,,cartoontalking.com,,sweep_b1_accounts.csv
qsh-alpha,mariakeppel8,11,2,2025-09-14,2026-09-06,threads9603,,"uoovo.com,wujfu.com",CASE-2026-003,sweep_b1_accounts.csv
qsh-alpha,mibg1yurc2024,30,1,2026-08-04,2026-09-07,,,lfqgj.com,,sweep_b1_accounts.csv
qsh-alpha,n510197,3,2,2024-10-28,2025-02-10,,,"cartoontalking.com,sarahtalkshow.com",CASE-2026-003,sweep_b1_accounts.csv
qsh-alpha,ovc59181,13,1,2026-08-05,2026-08-19,,,lfqgj.com,CASE-2026-003,sweep_b1_accounts.csv
qsh-alpha,paul2756a,3,1,2024-10-22,2024-10-30,threads1205,,sarahtalkshow.com,CASE-2026-003,sweep_b1_accounts.csv
qsh-alpha,poo2dr,38,1,2026-08-05,2026-09-07,,,lfqgj.com,,sweep_b1_accounts.csv
qsh-alpha,qhw39489,30,1,2026-08-11,2026-09-07,,,roadstert.com,,sweep_b1_accounts.csv
qsh-alpha,rosewhittier6,7,1,2026-08-15,2026-09-07,,,wujfu.com,,sweep_b1_accounts.csv
qsh-alpha,runliangchan,34,1,2025-06-29,2025-07-15,,,fgnj1634.com,CASE-2026-003,sweep_b1_accounts.csv
qsh-alpha,shaoqianglee,36,2,2024-10-22,2025-02-16,threads1700,,"cartoontalking.com,sarahtalkshow.com",CASE-2026-003,sweep_b1_accounts.csv
qsh-alpha,shokodotani,5,1,2025-10-29,2026-01-26,,,foodszon.com,,sweep_b1_accounts.csv
qsh-alpha,srb02145,59,1,2026-06-13,2026-07-17,,,lovewdk.com,CASE-2026-003,sweep_b1_accounts.csv
qsh-alpha,stout.terrie,15,1,2025-02-10,2025-02-12,threads2315,,cartoontalking.com,,sweep_b1_accounts.csv
qsh-alpha,summer_699,3,1,2025-03-19,2025-04-14,,,uoovo.com,CASE-2026-003,sweep_b1_accounts.csv
qsh-alpha,tohaq1b2025,1,1,2025-05-24,2025-05-24,threads7755,,foodszon.com,,sweep_b1_accounts.csv
qsh-alpha,urx90127,1,1,2025-03-21,2025-03-21,threads4223,,cartoontalking.com,,sweep_b1_accounts.csv
qsh-alpha,violet374546,75,1,2025-01-18,2025-08-05,,,picture.t9y3c.com,,sweep_b1_accounts.csv
qsh-alpha,viva_benard_,2,1,2025-12-04,2026-04-19,,,12beststar.com,CASE-2026-003,sweep_b1_accounts.csv
qsh-alpha,vvr23684,2,1,2025-03-21,2025-03-21,threads4179,,cartoontalking.com,,sweep_b1_accounts.csv
qsh-alpha,win34922024,1,1,2025-03-24,2025-03-24,threads1264,,cartoontalking.com,CASE-2026-003,sweep_b1_accounts.csv
qsh-alpha,xian.nong,43,2,2025-09-25,2026-09-07,,,"lfqgj.com,veltot.com",CASE-2026-003,sweep_b1_accounts.csv
qsh-alpha,yiqsj2025,43,1,2026-06-14,2026-07-17,,,lovewdk.com,,sweep_b1_accounts.csv
qsh-alpha,yuehpaichen,1,1,2025-03-21,2025-03-21,threads4195,,cartoontalking.com,,sweep_b1_accounts.csv
qsh-alpha,zhuxiaowu3,23,1,2026-08-13,2026-09-07,,,wujfu.com,,sweep_b1_accounts.csv
qsh-alpha,zqz41186,2,1,2025-03-21,2025-03-21,threads4175,,cartoontalking.com,,sweep_b1_accounts.csv
qsh-alpha,zyy71687,98,1,2025-11-05,2026-01-29,threads7374,,uoovo.com,CASE-2026-003,sweep_b1_accounts.csv
qsh-beta,anime_thenews_,2,1,2026-06-18,2026-07-18,,8901,picelse.com,,sweep_b1_accounts.csv
qsh-beta,chew8313,3,1,2025-12-22,2025-12-24,,8427,luckyelse.com,,sweep_b1_accounts.csv
qsh-beta,cpsoqt,18,1,2026-07-29,2026-09-06,,1127,picelse.com,,sweep_b1_accounts.csv
qsh-beta,ericcheww,2,1,2025-12-22,2026-01-03,,8427,luckyelse.com,,sweep_b1_accounts.csv
qsh-beta,haha123zx,79,1,2024-12-26,2026-01-27,,8752,luckyelse.com,,sweep_b1_accounts.csv
qsh-beta,jedsonzieyyh,2,1,2026-08-27,2026-09-04,,8842,picelse.com,,sweep_b1_accounts.csv
qsh-beta,kaobeiahxi101,3,1,2026-06-29,2026-08-11,,8842,picelse.com,,sweep_b1_accounts.csv
qsh-beta,keatcek000003,3,1,2026-01-18,2026-01-24,,,luckyelse.com,,sweep_b1_accounts.csv
qsh-beta,kennyng5291,5,1,2026-07-06,2026-08-15,,8842,picelse.com,,sweep_b1_accounts.csv
qsh-beta,kkme124412026,6,1,2026-06-29,2026-08-02,,8842,picelse.com,,sweep_b1_accounts.csv
qsh-beta,kpopbreaking2026,3,1,2026-06-16,2026-07-03,,8842,picelse.com,,sweep_b1_accounts.csv
qsh-beta,kpopd_aily21,6,1,2026-06-16,2026-07-15,,8842,picelse.com,,sweep_b1_accounts.csv
qsh-beta,kpopdailylife_22,8,1,2026-06-24,2026-06-28,,8901,picelse.com,CASE-2026-003,sweep_b1_accounts.csv
qsh-beta,kpopnews1999,6,1,2025-12-23,2026-02-26,,8427,luckyelse.com,,sweep_b1_accounts.csv
qsh-beta,lp000000012026,4,1,2026-06-13,2026-09-01,,9510,picelse.com,,sweep_b1_accounts.csv
qsh-beta,lp000000042026,3,1,2026-06-13,2026-08-07,,"8134,9510",picelse.com,,sweep_b1_accounts.csv
qsh-beta,lp000000082026,3,1,2026-06-13,2026-09-04,,9510,picelse.com,,sweep_b1_accounts.csv
qsh-beta,lp00000014,4,1,2026-08-06,2026-09-04,,9510,picelse.com,,sweep_b1_accounts.csv
qsh-beta,ooooe113,2,1,2026-07-16,2026-07-21,,,picelse.com,,sweep_b1_accounts.csv
qsh-beta,shixiaoqi6554,3,1,2025-12-23,2026-02-25,,8427,luckyelse.com,,sweep_b1_accounts.csv
qsh-beta,turnerhugheshughes,1,1,2026-02-21,2026-02-21,,8958,luckyelse.com,,sweep_b1_accounts.csv
qsh-beta,yangji8500,15,1,2026-06-15,2026-09-06,,8842,picelse.com,,sweep_b1_accounts.csv
qsh-beta,yunghuiwong,1,1,2026-07-14,2026-07-14,,3863,picelse.com,,sweep_b1_accounts.csv
cand-docilepuppy,dison26475,2,1,2026-01-04,2026-01-16,threads14074,,itigeryou.com,,sweep_b2_accounts.csv
cand-docilepuppy,doushijiahao265,1,1,2025-09-16,2025-09-16,threads5248,,itigeryou.com,CASE-2026-003,sweep_b2_accounts.csv
cand-docilepuppy,hemiho4545,1,1,2025-09-16,2025-09-16,threads4423,,itigeryou.com,,sweep_b2_accounts.csv
cand-docilepuppy,ksxyiy,2,1,2025-06-08,2025-06-09,threads7482,,itigeryou.com,,sweep_b2_accounts.csv
cand-docilepuppy,leealy796,5,1,2025-09-18,2026-03-14,threads9656,,itigeryou.com,CASE-2026-003,sweep_b2_accounts.csv
cand-docilepuppy,mariakeppel8,1,1,2025-09-11,2025-09-11,threads9603,,itigeryou.com,CASE-2026-003,sweep_b2_accounts.csv
cand-docilepuppy,summer_699,1,1,2025-07-09,2025-07-09,,,itigeryou.com,CASE-2026-003,sweep_b2_accounts.csv
cand-docilepuppy,yejemav128,1,1,2025-09-16,2025-09-16,threads4397,,itigeryou.com,,sweep_b2_accounts.csv
cand-singles,chinesehotnews,254,1,2026-03-18,2026-09-08,,,chinanewscenter.com,,sweep_b2_accounts.csv
farm-eatmary,eatmary2020,166,1,2025-02-03,2026-09-08,,,eatmary.net,,sweep_b2_accounts.csv
farm-eatmary,kikinote123,67,1,2024-11-13,2026-09-08,,,kikinote.net,,sweep_b2_accounts.csv
farm-enews,enews.tw,119,1,2024-06-27,2025-09-09,,"310,3100,990",enews.tw,,sweep_b2_accounts.csv
cand-anyelse-net,aimeiseyyuan,1,1,2025-06-21,2025-06-21,threads3997,,jp.eoomiss.com,,sweep_b3_accounts.csv
cand-anyelse-net,chikatengsen,18,1,2025-05-13,2025-05-20,,,tarooot.com,,sweep_b3_accounts.csv
cand-anyelse-net,hia3473112025,38,1,2026-01-13,2026-02-03,,,15lovingclub.com,,sweep_b3_accounts.csv
cand-anyelse-net,inzwg2025,57,1,2026-01-14,2026-02-04,,,15lovingclub.com,,sweep_b3_accounts.csv
cand-anyelse-net,kadowatavuch,14,1,2025-05-13,2025-05-20,,,tarooot.com,,sweep_b3_accounts.csv
cand-anyelse-net,ksxyiy,1,1,2025-06-10,2025-06-10,threads7482,,sunflyday.com,,sweep_b3_accounts.csv
cand-anyelse-net,leealy796,4,1,2025-09-30,2026-01-25,threads9656,,sunflyday.com,CASE-2026-003,sweep_b3_accounts.csv
cand-anyelse-net,linlinwen5,2,1,2025-08-18,2025-09-30,threads2264,,tarooot.com,,sweep_b3_accounts.csv
cand-anyelse-net,loxonac515,12,1,2025-05-12,2025-05-19,,,tarooot.com,,sweep_b3_accounts.csv
cand-anyelse-net,lvv86689,9,1,2025-05-13,2025-05-20,,,tarooot.com,,sweep_b3_accounts.csv
cand-anyelse-net,nny3086222025,56,1,2026-01-14,2026-02-04,,,15lovingclub.com,,sweep_b3_accounts.csv
cand-anyelse-net,ory315844,83,1,2025-06-12,2026-09-10,,,jp.eoomiss.com,,sweep_b3_accounts.csv
cand-anyelse-net,setllacecillia2,1,1,2025-09-11,2025-09-11,threads9658,,sunflyday.com,,sweep_b3_accounts.csv
cand-anyelse-net,shangtianyayi22,2,1,2025-01-27,2025-01-27,,,jp.abc-talks.com,CASE-2026-003,sweep_b3_accounts.csv
cand-anyelse-net,shaoqianglee,17,1,2025-05-13,2025-05-20,,,tarooot.com,CASE-2026-003,sweep_b3_accounts.csv
cand-anyelse-net,springfred4,18,1,2025-10-14,2026-09-10,,,cheeselikes.com,,sweep_b3_accounts.csv
cand-anyelse-net,yizhen.qin,1,1,2025-08-18,2025-08-18,threads2262,,tarooot.com,,sweep_b3_accounts.csv
cand-anyelse-net,ylm17698,1,1,2025-06-11,2025-06-11,threads7407,,sunflyday.com,CASE-2026-003,sweep_b3_accounts.csv
cand-anyelse-net,zhuxiaowu3,2,1,2025-04-11,2025-04-11,,,sunflyday.com,,sweep_b3_accounts.csv
cand-qhd-adstxt,016c5276757,5,1,2025-07-09,2025-07-11,,,2020funtv.com,CASE-2026-003,sweep_b3_accounts.csv
cand-qhd-adstxt,burnellharveyharvey,3,1,2024-11-29,2025-07-09,,,t9y3c.com,,sweep_b3_accounts.csv
cand-qhd-adstxt,ccz73928,3,1,2025-07-08,2025-07-10,,,2020funtv.com,CASE-2026-003,sweep_b3_accounts.csv
cand-qhd-adstxt,chen95244822,37,1,2026-01-20,2026-01-30,,,acg1213.com,,sweep_b3_accounts.csv
cand-qhd-adstxt,erliusanjiu,2,1,2025-06-17,2025-09-21,,,t9y3c.com,,sweep_b3_accounts.csv
cand-qhd-adstxt,huying904,38,1,2026-01-20,2026-01-30,,,acg1213.com,,sweep_b3_accounts.csv
cand-qhd-adstxt,ixp44954,1,1,2024-09-28,2024-09-28,threads527,,t9y3c.com,,sweep_b3_accounts.csv
cand-qhd-adstxt,kjmjunga2,39,1,2026-01-20,2026-01-30,,,acg1213.com,,sweep_b3_accounts.csv
cand-qhd-adstxt,kybfz2025,3,1,2025-07-08,2025-07-08,,,2020funtv.com,,sweep_b3_accounts.csv
cand-qhd-adstxt,lilonghui28382,1,1,2025-03-01,2025-03-01,,,t9y3c.com,CASE-2026-003,sweep_b3_accounts.csv
cand-qhd-adstxt,minilovenovel,37,1,2026-01-20,2026-01-30,,,acg1213.com,,sweep_b3_accounts.csv
cand-qhd-adstxt,yetta30422,2,1,2024-09-28,2024-12-28,,,t9y3c.com,,sweep_b3_accounts.csv
cand-qhd-adstxt,yupeikwok,3,1,2024-11-24,2025-08-23,,,t9y3c.com,,sweep_b3_accounts.csv
qsh-alpha,yupeikwok,1,1,2025-08-23,2025-08-23,,,lovewdk.com,,sweep_b3_accounts.csv
cand-thai-narrative-amplifiers,harianacehindonesia,3,1,2025-10-31,2025-11-07,,,harianaceh.co.id,,sweep_b4_accounts.csv
ref-active,teeprnews,5,1,2023-07-06,2024-06-10,,,teepr.com,,sweep_b4_accounts.csv
