account,posts,farm_posts,card_posts,ratio,clusters,top_domains,tags,uids,self_reply_2of2,non_registry_top,joined,location,followers,following,first,last,serp_tag,verdict,source_file
aabb112112112,363,241,188,0.66,qsh-alpha:241,"furnishwe.com:190,picture.t9y3c.com:51",,,16,"reurl.cc:45,ohiotires.com:1",July 2023,Taiwan,8339,7355,2024-06-23,2026-01-30,case003_r2_recalc|qsh-alpha,散布者（發文史核實）,case003_r2_recalc_verdicts.csv
ook1401,308,183,159,0.59,qsh-alpha:183,"87choicefood.com:176,picture.t9y3c.com:3,furnishwe.com:2,didadiadi.com:1,with-summer.com:1",,,28,"lin.ee:2,manager.line.biz:2,t.me:1,summer.com:1",July 2024,China,29,14,2024-07-05,2025-03-04,case003_r2_recalc|qsh-alpha,散布者（發文史核實）,case003_r2_recalc_verdicts.csv
zyy71687,297,150,142,0.51,"qsh-alpha:148,cand-qhd-adstxt:2","uoovo.com:65,eoeonews.com:31,voosweet.com:13,pets-dote.com:7,dsawjk.com:7,roadstert.com:6",#threads7374×141,,80,"twquiz.xlpxo.com:24,dote.com:7,puppys.com:6,47.com:1",April 2025,Hong Kong,45,5,2025-07-12,2026-01-30,case003_r2_recalc|qsh-alpha,散布者（發文史核實）,case003_r2_recalc_verdicts.csv
jingcaifung,258,150,149,0.58,qsh-alpha:150,"lfqgj.com:97,melhoresaqui.com:49,eoeonews.com:1,co-47.com:1,12beststar.com:1,didadiadi.com:1",,,107,47.com:1,August 2024,Taiwan,7802,0,2024-09-01,2026-03-17,case003_r2_recalc|qsh-alpha,散布者（發文史核實）,case003_r2_recalc_verdicts.csv
bangbadrulkerenbanget,220,113,100,0.51,"qsh-alpha:112,cand-qhd-adstxt:1","melhoresaqui.com:111,coolsaid.com:1,one-sups.com:1",#threads1840×1,,106,sups.com:1,August 2024,Indonesia,3690,0,2024-09-27,2025-05-25,case003_r2_recalc|qsh-alpha,散布者（發文史核實）,case003_r2_recalc_verdicts.csv
lilonghui28382,214,106,105,0.5,qsh-alpha:106,"lfqgj.com:99,12luckyhome.com:7",,,104,,August 2024,Taiwan,3204,1,2024-09-16,2026-03-17,case003_r2_recalc|qsh-alpha,散布者（發文史核實）,case003_r2_recalc_verdicts.csv
qiushuangyanyan,213,106,90,0.5,qsh-alpha:106,"coolsaid.com:103,12luckyhome.com:3",,,106,,November 2023,Taiwan,220,0,2024-04-15,2026-01-29,case003_r2_recalc|qsh-alpha,散布者（發文史核實）,case003_r2_recalc_verdicts.csv
lihaiwei2904,207,104,103,0.5,qsh-alpha:104,"wujfu.com:98,coolsaid.com:3,12beststar.com:1,eoeonews.com:1,comeworlds.com:1",,,100,,August 2024,Taiwan,338,0,2024-09-03,2026-01-13,case003_r2_recalc|qsh-alpha,散布者（發文史核實）,case003_r2_recalc_verdicts.csv
ccz73928,205,104,103,0.51,qsh-alpha:104,"wujfu.com:101,coolsaid.com:2,12luckyhome.com:1",,,100,,August 2024,,7516,72,2024-09-12,2026-09-04,case003_r2_recalc|qsh-alpha,散布者（發文史核實）,case003_r2_recalc_verdicts.csv
viva_benard_,205,104,104,0.51,"qsh-alpha:102,cand-qhd-adstxt:2","lfqgj.com:99,12beststar.com:2,2020funtv.com:2,87choicefood.com:1",,,100,,December 2023,Taiwan,1276,1,2024-09-29,2026-07-24,case003_r2_recalc|qsh-alpha,散布者（發文史核實）,case003_r2_recalc_verdicts.csv
newsnews_forlife,216,101,100,0.47,qsh-beta:101,picelse.com:101,,utm_term=8901×100,101,dailydaily-up.com:1,July 2025,Malaysia,927,4,2025-07-29,2026-06-29,case003_r2_recalc|qsh-alpha,散布者（發文史核實）,case003_r2_recalc_verdicts.csv
xian.nong,201,101,100,0.5,qsh-alpha:101,"lfqgj.com:99,veltot.com:1,ddojoy.com:1",,,100,,March 2025,Hong Kong,6702,6,2025-07-15,2026-09-04,case003_r2_recalc|qsh-alpha,散布者（發文史核實）,case003_r2_recalc_verdicts.csv
srb02145,206,100,100,0.49,qsh-alpha:100,"lovewdk.com:90,aigo7.com:6,wiusbh.com:1,12luckyhome.com:1,dsawjk.com:1,comeworlds.com:1",,,101,daapower.com:1,August 2024,,465,0,2025-01-22,2026-07-17,case003_r2_recalc|qsh-alpha,散布者（發文史核實）,case003_r2_recalc_verdicts.csv
jbn03297,204,100,100,0.49,qsh-alpha:100,roadstert.com:100,,,100,,August 2024,Taiwan,15900,0,2025-01-19,2026-09-04,case003_r2_recalc|qsh-alpha,散布者（發文史核實）,case003_r2_recalc_verdicts.csv
doushijiahao265,200,100,100,0.5,qsh-alpha:100,"wujfu.com:99,eoeonews.com:1",,,100,,October 2024,Hong Kong,16,5,2025-12-09,2026-01-30,case003_r2_recalc|qsh-alpha,散布者（發文史核實）,case003_r2_recalc_verdicts.csv
iovd5k,200,100,100,0.5,qsh-alpha:100,wujfu.com:100,,,100,,April 2025,Taiwan,16,0,2025-11-30,2026-01-10,case003_r2_recalc|qsh-alpha,散布者（發文史核實）,case003_r2_recalc_verdicts.csv
xiaoxiasaya,200,100,100,0.5,qsh-alpha:100,412lala.com:100,,,100,,September 2024,Hong Kong,1405,4,2026-06-02,2026-07-24,case003_r2_recalc|qsh-alpha,散布者（發文史核實）,case003_r2_recalc_verdicts.csv
kpopdailylife_22,234,99,99,0.42,"qsh-beta:98,family-01:1","picelse.com:98,coolgirl01.com:1",,utm_term=8901×99,96,,January 2025,Malaysia,333,16,2025-01-10,2026-08-21,case003_r2_recalc|qsh-alpha,散布者（發文史核實）,case003_r2_recalc_verdicts.csv
leealy796,201,99,99,0.49,qsh-alpha:99,"eoeonews.com:29,dsawjk.com:19,comeworlds.com:13,wiusbh.com:7,jkingtimes.com:6,furnishwe.com:6",#threads9656×99,,100,"47.com:3,party.com:1,naivety.com:1,daapower.com:1",June 2025,Hong Kong,46,0,2026-02-16,2026-03-24,case003_r2_recalc|qsh-alpha,散布者（發文史核實）,case003_r2_recalc_verdicts.csv
summer_699,365,92,81,0.25,"qsh-alpha:91,cand-anyelse-net:1","666.44finefood.com:41,jkingtimes.com:25,aigo7.com:6,dsawjk.com:5,eoeonews.com:5,comeworlds.com:4",,,83,"s.shopee.tw:44,gigafile.cc:21,lin.ee:10,novel.com:2",August 2024,Taiwan,42,3,2025-02-28,2026-02-04,case003_r2_recalc|qsh-alpha,散布者（發文史核實）,case003_r2_recalc_verdicts.csv
runliangchan,217,83,82,0.38,qsh-alpha:83,"wujfu.com:77,fgnj1634.com:5,dsawjk.com:1","#shaoqingyan×11,#threads3290×1",,80,,August 2024,Taiwan,11200,1,2024-09-30,2026-01-30,case003_r2_recalc|qsh-alpha,散布者（發文史核實）,case003_r2_recalc_verdicts.csv
zhengjiazhizheng,289,76,0,0.26,qsh-alpha:76,"furnishwe.com:66,picture.t9y3c.com:10",,,71,"petbasego.com:8,open-selfless.com:5",July 2024,Taiwan,166,7,2024-09-14,2024-11-18,case003_r2_recalc|qsh-alpha,散布者（發文史核實）,case003_r2_recalc_verdicts.csv
paul2756a,202,72,68,0.36,"qsh-alpha:63,cand-anyelse-net:9","cartoontalking.com:50,kidy-kidy.com:5,goodtime-life.com:5,tarooot.com:4,zavideo.successs-experience.com:3,sarahtalkshow.com:3",#threads1205×24,,72,"kidy.com:5,life.com:5,experience.com:3",,,14,61,2024-10-22,2025-03-26,case003_r2_recalc|qsh-alpha,散布者（發文史核實）,case003_r2_recalc_verdicts.csv
katheryn_baez,233,69,33,0.3,"cand-anyelse-net:52,qsh-alpha:17","tarooot.com:52,kidy-kidy.com:9,cartoontalking.com:8","#threads2269×22,#gw#threads2269×2",,70,"kidy.com:9,amzn.to:4",September 2024,Hong Kong,4135,9,2024-12-02,2025-03-26,case003_r2_recalc|qsh-alpha,散布者（發文史核實）,case003_r2_recalc_verdicts.csv
madinkaa__0027,205,69,57,0.34,qsh-alpha:69,welook365.com:69,,,68,,December 2023,Taiwan,118,0,2024-10-24,2025-08-05,case003_r2_recalc|qsh-alpha,散布者（發文史核實）,case003_r2_recalc_verdicts.csv
win34922024,218,58,56,0.27,"qsh-alpha:47,cand-anyelse-net:11","kidy-kidy.com:45,tarooot.com:11,cartoontalking.com:2","#threads1264×5,#gw#threads1264×4,#threads1700#threads1264×2",,62,"kidy.com:45,amzn.to:2",August 2024,China,124,0,2024-11-22,2025-09-04,case003_r2_recalc|qsh-alpha,散布者（發文史核實）,case003_r2_recalc_verdicts.csv
prudencesaulsaul,96,45,44,0.47,qsh-alpha:45,19globalnews.com:45,,,43,,August 2024,Hong Kong,0,0,2024-08-29,2024-09-20,case003_r2_recalc|qsh-alpha,散布者（發文史核實）,case003_r2_recalc_verdicts.csv
1blanchecarter4,203,38,31,0.19,qsh-alpha:38,"comeworlds.com:35,pets-naivety.com:2,pets-dote.com:1",#threads9137×31,,86,"pointrin.com:25,dote.com:1,naivety.com:1",June 2025,Taiwan,70,0,2025-08-15,2025-10-22,case003_r2_recalc|qsh-alpha,散布者（發文史核實）,case003_r2_recalc_verdicts.csv
mech.elleagotting,318,2,2,0.01,qsh-alpha:2,furnishwe.com:2,"#threads4820photographers×1,#threads4820×1",,39,"instagram.com:20,facebook.com:14,weibo.com:2,buff.ly:2",October 2024,United Kingdom,33,96,2024-10-25,2024-11-16,case003_r2_recalc|qsh-alpha,偶發轉貼（發文史 <5 篇且 <20%）,case003_r2_recalc_verdicts.csv
mii._.tan34,309,1,1,0.0,qsh-alpha:1,jp.paintbucke.com:1,#threads2838×1,,2,"newsdig.tbs.co.jp:2,sn-jp.com:1,line.me:1,news.tv-asahi.co.jp:1",June 2024,Japan,119,109,2025-08-11,2026-09-04,case003_r2_recalc|qsh-alpha,偶發轉貼（發文史 <5 篇且 <20%）,case003_r2_recalc_verdicts.csv
yomogi.sari,218,1,1,0.0,qsh-alpha:1,jp.paintbucke.com:1,#threads1064×1,,1,"youme-mobile.com:1,mobile.com:1,octopusenergy.co.jp:1,room.rakuten.co.jp:1",September 2025,Japan,252,141,2025-09-11,2026-09-03,case003_r2_recalc|qsh-alpha,偶發轉貼（發文史 <5 篇且 <20%）,case003_r2_recalc_verdicts.csv
gitin.grisha,209,1,1,0.0,qsh-alpha:1,eoeonews.com:1,,,100,pointrin.com:105,September 2024,Hong Kong,16,5,2025-10-11,2026-01-30,case003_r2_recalc|qsh-alpha,偶發轉貼（發文史 <5 篇且 <20%）,case003_r2_recalc_verdicts.csv
situbuscaslaverdad,328,0,0,0.0,,,,,1,"share.google:9,asahi.com:4,news.yahoo.co.jp:2,fnn.jp:1",August 2023,Japan,2701,7410,2025-11-05,2026-08-26,case003_r2_recalc|qsh-alpha,發文史無農場連結（Google 命中可能為舊文或誤配）,case003_r2_recalc_verdicts.csv
daxizhiwen,319,0,0,0.0,,,,,9,"x.com:64,r.whowatch.tv:26,youtu.be:18,youtube.com:15",,,85,74,2023-12-18,2026-03-11,case003_r2_recalc|qsh-alpha,發文史無農場連結（Google 命中可能為舊文或誤配）,case003_r2_recalc_verdicts.csv
etsuko_takei,319,0,0,0.0,,,,,5,"ja.wikipedia.org:1,youtube.com:1,358daiwa.com:1,youtu.be:1",July 2023,Japan,351,551,2025-04-18,2026-09-04,case003_r2_recalc|qsh-alpha,發文史無農場連結（Google 命中可能為舊文或誤配）,case003_r2_recalc_verdicts.csv
lio5895768,315,0,0,0.0,,,,,5,"youtube.com:6,youtu.be:2,nishinippon.co.jp:1,bin.com:1",June 2024,Japan,31,75,2025-08-10,2026-09-02,case003_r2_recalc|qsh-alpha,發文史無農場連結（Google 命中可能為舊文或誤配）,case003_r2_recalc_verdicts.csv
ueno_kaz,304,0,0,0.0,,,,,3,"youtube.com:14,instagram.com:9,facebook.com:6,news.yahoo.co.jp:4",July 2023,Japan,474,788,2026-06-20,2026-09-04,case003_r2_recalc|qsh-alpha,發文史無農場連結（Google 命中可能為舊文或誤配）,case003_r2_recalc_verdicts.csv
ylm17698,202,0,0,0.0,,,,,85,"lin.ee:37,ugzjo.com:37,s.shopee.tw:4",April 2025,Taiwan,84,0,2025-08-20,2025-11-01,case003_r2_recalc|qsh-alpha,發文史無農場連結（Google 命中可能為舊文或誤配）,case003_r2_recalc_verdicts.csv
zhuxiaowu3,188,111,106,0.59,qsh-alpha:111,"wujfu.com:108,comeworlds.com:2,12beststar.com:1",#threads183×1,,50,"mbti1.xlpxo.com:4,lin.ee:2,s.shopee.tw:1",August 2024,Taiwan,,,2025-04-30,2026-09-10,kw_b1_r3|qsh-alpha,散布者（發文史核實）,r3_session1_verdicts.csv
haha123zx,102,100,0,0.98,qsh-beta:100,luckyelse.com:100,,,0,,December 2024,Malaysia,,,2025-11-18,2026-02-28,kw_b1_r3|qsh-beta,散布者（發文史核實）,r3_session1_verdicts.csv
chen95244822,148,95,95,0.64,cand-qhd-adstxt:95,acg1213.com:95,,,50,sspo18.vip:3,August 2024,Hong Kong,,,2024-11-29,2026-01-30,kw_b3_r3|cand-qhd-adstxt,散布者（發文史核實）,r3_session1_verdicts.csv
inzwg2025,140,90,90,0.64,cand-anyelse-net:90,15lovingclub.com:90,,,50,,April 2025,China,37.0,,2025-10-02,2026-02-04,kw_b3_r3|cand-anyelse-net,散布者（發文史核實）,r3_session1_verdicts.csv
tiktoknews747,118,64,64,0.54,"qsh-beta:62,family-01:2","picelse.com:62,runelse.com:2",,utm_term=1883×64,53,,November 2024,Malaysia,,,2024-12-03,2025-02-01,kw_b1_r3|family-01,散布者（發文史核實）,r3_session1_verdicts.csv
phpnews747,113,62,55,0.55,"qsh-beta:55,family-01:7","picelse.com:55,runelse.com:7",,utm_term=1883×55,51,,July 2024,,,,2024-09-30,2026-06-05,kw_b1_r3|family-01,散布者（發文史核實）,r3_session1_verdicts.csv
yunghuiwong,119,61,58,0.51,"family-01:54,qsh-beta:7","vivi01.com:54,picelse.com:7",,utm_term=3863×55,56,,August 2024,,,,2024-08-10,2026-09-07,kw_b1_r3|family-01+qsh-beta,散布者（發文史核實）,r3_session1_verdicts.csv
chinesenews747,110,58,55,0.53,"qsh-beta:57,family-01:1","picelse.com:57,runelse.com:1",,utm_term=1883×55,50,,July 2024,,,,2024-08-12,2026-06-05,kw_b1_r3|family-01,散布者（發文史核實）,r3_session1_verdicts.csv
yangji8500,112,57,57,0.51,qsh-beta:57,"picelse.com:56,luckyelse.com:1",,utm_term=8842×57,50,,July 2024,Malaysia,350.0,,2026-02-10,2026-09-08,kw_b1_r3|qsh-beta,散布者（發文史核實）,r3_session1_verdicts.csv
junyan5858,108,56,56,0.52,qsh-alpha:56,cartoontalking.com:56,,,52,,September 2024,Hong Kong,46.0,,2024-11-28,2024-12-15,kw_b1_r3|qsh-alpha,散布者（發文史核實）,r3_session1_verdicts.csv
kennyng5291,107,56,55,0.52,qsh-beta:56,picelse.com:56,,utm_term=8842×55,51,,February 2026,Malaysia,,,2026-02-17,2026-09-09,kw_b1_r3|qsh-beta,散布者（發文史核實）,r3_session1_verdicts.csv
kkme124412026,111,54,54,0.49,qsh-beta:54,picelse.com:54,,utm_term=8842×54,51,,February 2026,Malaysia,367.0,,2026-04-17,2026-09-08,kw_b1_r3|qsh-beta,散布者（發文史核實）,r3_session1_verdicts.csv
hia153866,108,52,52,0.48,qsh-alpha:52,roadstert.com:52,,,51,,September 2024,Hong Kong,,,2025-01-17,2026-09-10,kw_b1_r3|qsh-alpha,散布者（發文史核實）,r3_session1_verdicts.csv
huying904,106,52,52,0.49,cand-qhd-adstxt:52,acg1213.com:52,,,52,,October 2024,China,,,2026-01-17,2026-04-14,kw_b3_r3|cand-qhd-adstxt,散布者（發文史核實）,r3_session1_verdicts.csv
nny3086222025,140,51,51,0.36,cand-anyelse-net:51,15lovingclub.com:51,,,51,,April 2025,Hong Kong,,,2025-05-26,2026-02-04,kw_b3_r3|cand-anyelse-net,散布者（發文史核實）,r3_session1_verdicts.csv
cpsoqt,105,51,51,0.49,qsh-beta:51,picelse.com:51,,utm_term=1127×51,51,,July 2026,,,,2026-08-04,2026-09-10,kw_b1_r3|qsh-beta,散布者（發文史核實）,r3_session1_verdicts.csv
fbnews747,104,51,51,0.49,"qsh-beta:49,family-01:2","picelse.com:49,runelse.com:2",,utm_term=1883×51,51,,November 2024,,,,2024-12-03,2025-01-19,kw_b1_r3|family-01,散布者（發文史核實）,r3_session1_verdicts.csv
minilovenovel,103,51,51,0.5,"cand-qhd-adstxt:50,qsh-alpha:1","acg1213.com:50,comeworlds.com:1",,,50,sweetastes.com:1,December 2023,Hong Kong,233.0,,2024-09-03,2026-01-30,kw_b3_r3|cand-qhd-adstxt,散布者（發文史核實）,r3_session1_verdicts.csv
doushijiahao123,103,51,51,0.5,qsh-alpha:51,lfqgj.com:51,,,51,,October 2024,Taiwan,,,2025-01-22,2026-09-10,kw_b1_r3|qsh-alpha,散布者（發文史核實）,r3_session1_verdicts.csv
liuyuqing929,103,51,51,0.5,qsh-alpha:51,wujfu.com:51,,,51,,September 2024,Taiwan,,,2025-02-27,2026-09-10,kw_b1_r3|qsh-alpha,散布者（發文史核實）,r3_session1_verdicts.csv
lailinlin0916,102,51,51,0.5,qsh-alpha:51,wujfu.com:51,,,51,,September 2024,Taiwan,,,2026-08-24,2026-09-10,kw_b1_r3|qsh-alpha,散布者（發文史核實）,r3_session1_verdicts.csv
hongrong74,102,51,51,0.5,qsh-alpha:51,wujfu.com:51,,,51,,September 2024,Hong Kong,,,2026-08-24,2026-09-10,kw_b1_r3|qsh-alpha,散布者（發文史核實）,r3_session1_verdicts.csv
hongjingru96,102,51,51,0.5,qsh-alpha:51,wujfu.com:51,,,51,,September 2024,Taiwan,,,2026-08-24,2026-09-10,kw_b1_r3|qsh-alpha,散布者（發文史核實）,r3_session1_verdicts.csv
rosewhittier6,102,51,51,0.5,qsh-alpha:51,wujfu.com:51,,,51,,June 2025,Hong Kong,,,2026-08-25,2026-09-10,kw_b1_r3|qsh-alpha,散布者（發文史核實）,r3_session1_verdicts.csv
hia3473112025,113,50,50,0.44,cand-anyelse-net:50,15lovingclub.com:50,,,50,,April 2025,Hong Kong,40.0,,2025-05-24,2026-02-04,kw_b3_r3|cand-anyelse-net,散布者（發文史核實）,r3_session1_verdicts.csv
bufengwuna,102,50,50,0.49,qsh-alpha:50,lfqgj.com:50,,,50,,October 2024,Hong Kong,,,2025-01-21,2026-09-10,kw_b1_r3|qsh-alpha,散布者（發文史核實）,r3_session1_verdicts.csv
kjmjunga2,101,50,50,0.5,cand-qhd-adstxt:50,acg1213.com:50,,,50,sweetastes.com:1,December 2023,Taiwan,494.0,,2024-10-25,2026-01-30,kw_b3_r3|cand-qhd-adstxt,散布者（發文史核實）,r3_session1_verdicts.csv
poo2dr,101,50,49,0.5,qsh-alpha:50,lfqgj.com:50,,,50,,March 2025,Hong Kong,,,2025-05-09,2026-09-10,kw_b1_r3|qsh-alpha,散布者（發文史核實）,r3_session1_verdicts.csv
cute.cute1229,101,50,39,0.5,family-01:50,runelse.com:50,,utm_term=1185×39,50,,July 2024,Singapore,,,2024-09-24,2025-08-26,kw_b1_r3|family-01,散布者（發文史核實）,r3_session1_verdicts.csv
video_clips818,101,50,42,0.5,family-01:50,runelse.com:50,,utm_term=1185×42,50,,July 2024,,,,2024-09-15,2025-11-12,kw_b1_r3|family-01,散布者（發文史核實）,r3_session1_verdicts.csv
hanqiuyue2,100,50,50,0.5,qsh-alpha:50,lovewdk.com:50,,,50,,August 2024,Taiwan,195.0,,2026-03-10,2026-05-05,kw_b1_r3|qsh-alpha,散布者（發文史核實）,r3_session1_verdicts.csv
ovc59181,100,50,50,0.5,qsh-alpha:50,"lfqgj.com:49,comeworlds.com:1",,,50,,April 2025,Taiwan,,,2026-07-23,2026-08-20,kw_b1_r3|qsh-alpha,散布者（發文史核實）,r3_session1_verdicts.csv
jyuhuai,100,50,50,0.5,qsh-alpha:50,cartoontalking.com:50,,,49,,September 2024,Hong Kong,2.0,,2024-12-09,2024-12-14,kw_b1_r3|qsh-alpha,散布者（發文史核實）,r3_session1_verdicts.csv
shokodotani,100,50,50,0.5,qsh-alpha:50,"roadstert.com:49,foodszon.com:1",,,50,,,,,,2026-01-14,2026-01-30,kw_b1_r3|qsh-alpha,散布者（發文史核實）,r3_session1_verdicts.csv
aimuhui,100,49,49,0.49,qsh-alpha:49,wujfu.com:49,,,50,,September 2024,Taiwan,,,2026-08-28,2026-09-10,kw_b1_r3|qsh-alpha,散布者（發文史核實）,r3_session1_verdicts.csv
kpopnews1999,100,48,48,0.48,"qsh-beta:39,qsh-gamma:6,family-01:3","luckyelse.com:27,picelse.com:12,picread.net:3,thisreader.com:3,cocovn.net:1,vivi01.com:1",,"utm_term=8427×40,uid=1143×3,uid=12853×3,utm_term=9380×1,utm_term=9201×1",50,facebook.com:2,November 2025,Malaysia,4.0,,2025-11-20,2026-06-19,kw_b1_r3|qsh-beta,散布者（發文史核實）,r3_session1_verdicts.csv
kpopd_aily21,100,47,47,0.47,qsh-beta:47,"picelse.com:46,luckyelse.com:1",,utm_term=8842×47,50,"gotule.com:2,dulepic.com:1",February 2026,Malaysia,,,2026-04-08,2026-08-24,kw_b1_r3|qsh-beta,散布者（發文史核實）,r3_session1_verdicts.csv
ksxyiy,103,44,43,0.43,qsh-alpha:44,wujfu.com:44,,,45,,April 2025,Hong Kong,,,2025-11-03,2025-12-03,kw_b1_r3|cand-docilepuppy,散布者（發文史核實）,r3_session1_verdicts.csv
yiqsj2025,102,44,44,0.43,qsh-alpha:44,comeworlds.com:44,#threads7036×44,,51,lin.ee:7,June 2025,Taiwan,,,2026-08-24,2026-09-10,kw_b1_r3|qsh-alpha,散布者（發文史核實）,r3_session1_verdicts.csv
shaoqianglee,174,43,43,0.25,cand-anyelse-net:43,tarooot.com:43,#threads1700#threads1700×38,,46,wa.me:41,August 2024,Taiwan,3200.0,,2025-03-15,2025-07-24,kw_b1_r3|qsh-alpha,散布者（發文史核實）,r3_session1_verdicts.csv
mibg1yurc2024,105,42,42,0.4,qsh-alpha:42,lfqgj.com:42,,,50,lin.ee:8,October 2024,Hong Kong,,,2025-01-20,2026-09-10,kw_b1_r3|qsh-alpha,散布者（發文史核實）,r3_session1_verdicts.csv
dunaykin.igor,101,40,40,0.4,qsh-alpha:40,wujfu.com:40,,,40,,September 2024,Taiwan,,,2026-08-20,2026-09-10,kw_b1_r3|qsh-alpha,散布者（發文史核實）,r3_session1_verdicts.csv
violet374546,106,36,34,0.34,qsh-alpha:36,picture.t9y3c.com:36,,,36,,August 2024,Hong Kong,,,2024-11-22,2025-08-05,kw_b1_r3|qsh-alpha,散布者（發文史核實）,r3_session1_verdicts.csv
linpingyuan1,103,35,35,0.34,qsh-alpha:35,wujfu.com:35,,,35,,September 2024,Taiwan,,,2025-05-08,2026-09-10,kw_b1_r3|qsh-alpha,散布者（發文史核實）,r3_session1_verdicts.csv
mariakeppel8,101,35,35,0.35,qsh-alpha:35,wujfu.com:35,,,35,,June 2025,China,,,2026-08-07,2026-09-10,kw_b1_r3|cand-docilepuppy+qsh-alpha,散布者（發文史核實）,r3_session1_verdicts.csv
avyvq1,102,34,30,0.33,qsh-alpha:34,picture.t9y3c.com:34,,,34,daapower.com:1,August 2024,Hong Kong,,,2024-08-30,2025-08-05,kw_b1_r3|qsh-alpha,散布者（發文史核實）,r3_session1_verdicts.csv
chew8313,71,34,34,0.48,"qsh-beta:26,qsh-gamma:5,family-01:3","luckyelse.com:23,thisreader.com:4,picelse.com:3,cocovn.net:2,kimishare.org:1,vivi01.com:1",,"utm_term=8427×26,uid=12853×4,uid=12690×1,utm_term=9380×1,utm_term=9201×1,utm_term=8788×1",33,"facebook.com:4,hopesuccesss.com:1",June 2025,,0.0,,2025-06-17,2026-06-04,kw_b1_r3|family-01+qsh-beta,散布者（發文史核實）,r3_session1_verdicts.csv
016c5276757,111,29,29,0.26,qsh-alpha:29,"furnishwe.com:20,bestone-work.com:5,kidy-party.com:4",#threads4956×24,,39,"up.com:8,dailydaily-up.com:8,work.com:5,party.com:4",October 2024,Hong Kong,45.0,,2024-12-06,2026-09-09,kw_b1_r3|qsh-alpha,散布者（發文史核實）,r3_session1_verdicts.csv
keatcek000003,49,25,14,0.51,"qsh-beta:18,family-01:7","picelse.com:14,runelse.com:7,luckyelse.com:4",,utm_term=8649×14,24,facebook.com:11,January 2026,Malaysia,,,2026-01-13,2026-03-18,kw_b1_r3|family-01+qsh-beta,散布者（發文史核實）,r3_session1_verdicts.csv
loxonac515,115,18,17,0.16,"cand-anyelse-net:17,qsh-alpha:1","tarooot.com:17,kidy-kidy.com:1",#threads3961×16,,38,"wa.me:2,kidy.com:1",September 2024,China,373.0,,2025-02-21,2026-01-03,kw_b3_r3|cand-anyelse-net,散布者（發文史核實）,r3_session1_verdicts.csv
huntereleanor11,122,14,14,0.11,"qsh-alpha:10,cand-anyelse-net:4","kidy-kidy.com:6,tarooot.com:4,cartoontalking.com:4","#threads3219×4,#threads1700#threads3219×1",,21,"kidy.com:6,s.shopee.tw:1",August 2024,Hong Kong,94.0,,2024-09-30,2025-09-22,kw_b1_r3|qsh-alpha,散布者（發文史核實）,r3_session1_verdicts.csv
stout.terrie,189,12,12,0.06,"qsh-alpha:11,cand-anyelse-net:1","cartoontalking.com:10,tarooot.com:1,kidy-kidy.com:1",#threads2315×2,,54,"anymn.com:71,wa.me:23,kidy.com:1",September 2024,Taiwan,339.0,,2024-10-08,2026-01-03,kw_b1_r3|qsh-alpha,散布者（發文史核實）,r3_session1_verdicts.csv
bikulov.petr,123,12,9,0.1,"qsh-alpha:8,cand-anyelse-net:4","cartoontalking.com:8,tarooot.com:4",#threads1700×1,,28,,August 2024,China,242.0,,2024-10-17,2025-12-17,kw_b1_r3|qsh-alpha,散布者（發文史核實）,r3_session1_verdicts.csv
jlsilv.902,155,9,9,0.06,"qsh-alpha:6,cand-anyelse-net:3","cartoontalking.com:6,tarooot.com:3","#threads336×8,#gw#threads336×1",,42,"anymn.com:27,amzn.to:4,gigafile.cc:1,youtu.be:1",August 2024,Taiwan,1500.0,,2024-11-01,2025-07-29,kw_b1_r3|qsh-alpha,散布者（發文史核實）,r3_session1_verdicts.csv
juliana551107,100,5,5,0.05,qsh-alpha:5,"comeworlds.com:3,veltot.com:2",#threads11044×5,,50,tinyurl.com:37,July 2025,Hong Kong,482.0,,2026-08-28,2026-09-10,kw_b1_r3|qsh-alpha,散布者（發文史核實）,r3_session1_verdicts.csv
lvv86689,130,4,4,0.03,qsh-alpha:4,cartoontalking.com:4,#threads745×4,,55,"tiktok.com:25,wa.me:24,anymn.com:1",August 2024,Hong Kong,670.0,,2024-11-25,2026-01-04,kw_b1_r3|qsh-alpha,偶發轉貼（發文史 <5 篇且 <20%）,r3_session1_verdicts.csv
kadowatavuch,119,2,2,0.02,cand-anyelse-net:2,tarooot.com:2,#threads4167×2,,50,wa.me:25,October 2024,Hong Kong,1400.0,,2025-07-03,2025-12-27,kw_b3_r3|cand-anyelse-net,偶發轉貼（發文史 <5 篇且 <20%）,r3_session1_verdicts.csv
chikatengsen,106,1,1,0.01,cand-anyelse-net:1,tarooot.com:1,#threads3974×1,,32,wa.me:31,September 2024,Hong Kong,272.0,,2025-05-30,2025-09-04,kw_b3_r3|cand-anyelse-net,偶發轉貼（發文史 <5 篇且 <20%）,r3_session1_verdicts.csv
yetta30422,138,78,78,0.57,"qsh-alpha:65,cand-qhd-adstxt:13","child-loves.com:64,cartoonfans766.com:13,cookicway.com:1",,,55,"loves.com:64,eoeolike.com:2",August 2024,China,,,2024-08-29,2025-02-04,kw_b3_r3|cand-qhd-adstxt,散布者（發文史核實）,r3_session2_verdicts.csv
hui1181_2,110,70,68,0.64,"family-01:64,qsh-beta:6","vivi01.com:64,picelse.com:6",,utm_term=3863×65,40,,November 2024,,,,2024-12-31,2026-09-06,kw_b1_r3|family-01,散布者（發文史核實）,r3_session2_verdicts.csv
hui1.181,109,68,65,0.62,"family-01:58,qsh-beta:10","vivi01.com:58,picelse.com:10",,utm_term=3863×62,39,,August 2024,,,,2024-08-29,2026-09-06,kw_b1_r3|family-01,散布者（發文史核實）,r3_session2_verdicts.csv
erliusanjiu,113,60,59,0.53,qsh-alpha:60,"lfqgj.com:49,cookicway.com:10,dsawjk.com:1",,,52,,August 2024,Cambodia,,,2024-10-11,2026-02-21,kw_b3_r3|cand-qhd-adstxt,散布者（發文史核實）,r3_session2_verdicts.csv
burnellharveyharvey,111,56,56,0.5,qsh-alpha:56,"lfqgj.com:49,cookicway.com:6,dsawjk.com:1",,,53,,August 2024,Taiwan,66.0,,2024-08-28,2026-02-22,kw_b3_r3|cand-qhd-adstxt,散布者（發文史核實）,r3_session2_verdicts.csv
shangtianyayi22,179,53,50,0.3,"qsh-alpha:48,cand-anyelse-net:5","lovehouse456.com:42,recipes-forfood.com:6,bestinfo365.com:4,jp.eoomiss.com:1",,,53,"55likegame.com:61,jp.prettycutepet.com:6,forfood.com:6,jp.babyystory.com:2",August 2024,China,,,2024-08-27,2026-07-24,kw_b3_r3|cand-anyelse-net,散布者（發文史核實）,r3_session2_verdicts.csv
anime_thenews_,115,52,52,0.45,"qsh-beta:49,qsh-alpha:2,family-01:1","picelse.com:49,furnishwe.com:2,coolgirl01.com:1",,utm_term=8901×50,50,,August 2025,Malaysia,4800.0,,2025-08-05,2026-07-18,kw_b1_r3|qsh-beta,散布者（發文史核實）,r3_session2_verdicts.csv
kpopbreaking2026,106,52,51,0.49,qsh-beta:52,picelse.com:52,,utm_term=8842×51,50,"gotule.com:3,dulepic.com:1",February 2026,Malaysia,,,2026-02-20,2026-08-01,kw_b1_r3|qsh-beta,散布者（發文史核實）,r3_session2_verdicts.csv
yupeikwok,104,52,52,0.5,qsh-alpha:52,"lovewdk.com:50,kidy-party.com:2",,,52,party.com:2,August 2024,Taiwan,,,2024-11-20,2026-02-21,kw_b3_r3|cand-qhd-adstxt+qsh-alpha,散布者（發文史核實）,r3_session2_verdicts.csv
ooooe113,101,52,49,0.51,qsh-beta:52,picelse.com:52,,"utm_term=8600×48,utm_term=1883×1",49,,July 2026,Malaysia,,,2026-07-17,2026-08-24,kw_b1_r3|qsh-beta,散布者（發文史核實）,r3_session2_verdicts.csv
bgy49052,100,50,50,0.5,qsh-alpha:50,wujfu.com:50,,,50,,September 2024,Hong Kong,,,2026-06-03,2026-07-24,kw_b1_r3|qsh-alpha,散布者（發文史核實）,r3_session2_verdicts.csv
kaobeiahxi101,101,49,49,0.49,qsh-beta:49,picelse.com:49,,utm_term=8842×49,48,gotule.com:1,February 2026,Malaysia,306.0,,2026-03-19,2026-09-09,kw_b1_r3|qsh-beta,散布者（發文史核實）,r3_session2_verdicts.csv
ericcheww,101,48,48,0.48,"qsh-beta:38,qsh-gamma:7,family-01:3","luckyelse.com:28,picelse.com:10,picread.net:3,thisreader.com:3,cocovn.net:3,kimishare.org:1",,"utm_term=8427×40,uid=1143×3,uid=12853×3,uid=12690×1,utm_term=9380×1",50,facebook.com:2,January 2025,Malaysia,138.0,,2025-11-20,2026-06-19,kw_b1_r3|family-01+qsh-beta,散布者（發文史核實）,r3_session2_verdicts.csv
fararrinews747,108,44,44,0.41,qsh-beta:44,picelse.com:44,,utm_term=1883×44,52,facebook.com:1,January 2025,Malaysia,,,2025-04-26,2026-02-28,kw_b1_r3|family-01,散布者（發文史核實）,r3_session2_verdicts.csv
dison26475,101,43,43,0.43,"qsh-alpha:42,cand-qhd-adstxt:1","eoeonews.com:38,412lala.com:2,t9y3c.com:1,dsawjk.com:1,itigeryou.com:1",#threads14074×43,,43,,September 2025,Hong Kong,,,2026-01-15,2026-01-30,kw_b1_r3|cand-docilepuppy,散布者（發文史核實）,r3_session2_verdicts.csv
ha0lqz2025,89,37,30,0.42,qsh-alpha:37,"comeworlds.com:21,furnishwe.com:11,pets-dote.com:3,foodszon.com:2",#threads7950×30,,41,"wateronn.com:4,dote.com:3",April 2025,Hong Kong,,,2025-05-13,2025-06-12,kw_b1_r3|qsh-alpha,散布者（發文史核實）,r3_session2_verdicts.csv
shixiaoqi6554,64,30,30,0.47,"qsh-beta:23,qsh-gamma:5,family-01:2","luckyelse.com:18,picelse.com:5,thisreader.com:4,cocovn.net:2,picread.net:1",,"utm_term=8427×22,uid=12853×4,utm_term=9201×2,uid=1143×1,utm_term=9380×1",32,facebook.com:2,November 2025,Malaysia,,,2025-11-20,2026-06-04,kw_b1_r3|qsh-beta,散布者（發文史核實）,r3_session2_verdicts.csv
lp000000012026,53,17,16,0.32,qsh-beta:17,picelse.com:17,,"utm_term=9510×15,utm_term=8134×1",17,pushtip.net:1,May 2026,Malaysia,3.0,,2026-05-26,2026-09-04,kw_b1_r3|qsh-beta,散布者（發文史核實）,r3_session2_verdicts.csv
lp000000042026,56,16,15,0.29,qsh-beta:16,picelse.com:16,,"utm_term=9510×14,utm_term=8134×1",16,pushtip.net:1,May 2026,,4.0,,2026-05-29,2026-09-04,kw_b1_r3|qsh-beta,散布者（發文史核實）,r3_session2_verdicts.csv
lp000000082026,42,15,14,0.36,qsh-beta:15,picelse.com:15,,"utm_term=9510×13,utm_term=8134×1",15,pushtip.net:1,June 2026,Malaysia,4.0,,2026-06-07,2026-09-04,kw_b1_r3|qsh-beta,散布者（發文史核實）,r3_session2_verdicts.csv
lkv07771,65,14,12,0.22,"qsh-alpha:12,cand-anyelse-net:2","kidy-kidy.com:10,tarooot.com:2,cartoontalking.com:2",#threads4191×2,,15,kidy.com:10,October 2024,Hong Kong,,,2024-11-03,2025-03-26,kw_b1_r3|qsh-alpha,散布者（發文史核實）,r3_session2_verdicts.csv
lp00000014,37,11,11,0.3,qsh-beta:11,picelse.com:11,,utm_term=9510×11,12,pushtip.net:1,May 2026,Malaysia,3.0,,2026-05-29,2026-09-04,kw_b1_r3|qsh-beta,散布者（發文史核實）,r3_session2_verdicts.csv
jza00060,105,10,8,0.1,"cand-anyelse-net:8,qsh-alpha:2","tarooot.com:8,cartoontalking.com:2","#threads744×4,#gw#threads744×3,#threads1700#threads744×1",,12,anymn.com:2,August 2024,,,,2025-02-04,2025-03-26,kw_b1_r3|qsh-alpha,散布者（發文史核實）,r3_session2_verdicts.csv
zqz41186,56,9,7,0.16,"qsh-alpha:7,cand-anyelse-net:2","kidy-kidy.com:5,tarooot.com:2,cartoontalking.com:2",#threads4175×2,,10,kidy.com:5,October 2024,,,,2024-11-02,2025-03-27,kw_b1_r3|qsh-alpha,散布者（發文史核實）,r3_session2_verdicts.csv
jedsonzieyyh,10,5,5,0.5,qsh-beta:5,picelse.com:5,,utm_term=8842×5,5,,August 2026,Malaysia,,,2026-08-27,2026-09-08,kw_b1_r3|qsh-beta,散布者（發文史核實）,r3_session2_verdicts.csv
linlinwen5,104,0,0,0.0,,,,,51,wa.me:25,September 2024,Hong Kong,931.0,,2025-07-29,2026-01-03,kw_b3_r3|cand-anyelse-net,發文史無農場連結（Google 命中可能為舊文或誤配）,r3_session2_verdicts.csv
vvr23684,102,0,0,0.0,,,,,51,reurl.cc:51,October 2024,Hong Kong,8.0,,2026-02-19,2026-03-03,kw_b1_r3|qsh-alpha,發文史無農場連結（Google 命中可能為舊文或誤配）,r3_session2_verdicts.csv
setllacecillia2,102,51,51,0.5,qsh-alpha:51,wujfu.com:51,,,51,,June 2025,Hong Kong,,,2026-03-07,2026-03-30,r3_session3|cand-anyelse-net,散布者（發文史核實）,r3_session3_verdicts.csv
hemiho4545,104,42,42,0.4,qsh-alpha:42,wujfu.com:42,,,37,,October 2024,Taiwan,,,2025-02-27,2026-03-24,r3_session3|cand-docilepuppy,散布者（發文史核實）,r3_session3_verdicts.csv
aimeiseyyuan,102,17,17,0.17,cand-anyelse-net:17,chiyidavip.com:17,,,50,"carcarwe.com:20,jpquiz.quiet-pet.com:14,pet.com:12",September 2024,Hong Kong,162.0,,2025-03-12,2025-09-17,r3_session3|cand-anyelse-net,散布者（發文史核實）,r3_session3_verdicts.csv
tohaq1b2025,49,17,14,0.35,qsh-alpha:17,"furnishwe.com:11,pets-dote.com:3,comeworlds.com:2,foodszon.com:1",#threads7755×14,,20,"dote.com:3,wateronn.com:3",April 2025,Hong Kong,,,2025-05-12,2025-05-27,r3_session3|qsh-alpha,散布者（發文史核實）,r3_session3_verdicts.csv
gm2hfo1,40,17,13,0.42,qsh-alpha:17,"furnishwe.com:11,pets-dote.com:3,comeworlds.com:2,foodszon.com:1",#threads7453×13,,20,"dote.com:3,wateronn.com:3",April 2025,Hong Kong,,,2025-05-23,2025-05-27,r3_session3|qsh-alpha,散布者（發文史核實）,r3_session3_verdicts.csv
yuehpaichen,64,12,7,0.19,"qsh-alpha:7,cand-anyelse-net:5","tarooot.com:5,kidy-kidy.com:5,cartoontalking.com:2",#threads4195×2,,12,kidy.com:5,October 2024,Hong Kong,,,2024-11-02,2025-03-27,r3_session3|qsh-alpha,散布者（發文史核實）,r3_session3_verdicts.csv
urx90127,69,9,5,0.13,"qsh-alpha:6,cand-anyelse-net:3","kidy-kidy.com:5,tarooot.com:3,cartoontalking.com:1",#threads4223×1,,9,kidy.com:4,October 2024,Hong Kong,,,2024-11-02,2025-03-27,r3_session3|qsh-alpha,散布者（發文史核實）,r3_session3_verdicts.csv
gld50844,60,9,7,0.15,"qsh-alpha:7,cand-anyelse-net:2","kidy-kidy.com:5,tarooot.com:2,cartoontalking.com:2",#threads4219×2,,9,kidy.com:5,October 2024,,,,2024-11-03,2025-03-26,r3_session3|qsh-alpha,散布者（發文史核實）,r3_session3_verdicts.csv
cco5b5,101,1,1,0.01,qsh-alpha:1,comeworlds.com:1,,,50,"ugzjo.com:49,lin.ee:1",April 2025,,352.0,,2025-06-06,2026-09-10,r3_session3|qsh-alpha,偶發轉貼（發文史 <5 篇且 <20%）,r3_session3_verdicts.csv
yejemav128,105,0,0,0.0,,,,,34,"apps.apple.com:5,play.google.com:5,tinyurl.com:1",October 2024,Taiwan,,,2025-05-13,2026-07-24,r3_session3|cand-docilepuppy,發文史無農場連結（Google 命中可能為舊文或誤配）,r3_session3_verdicts.csv
yizhen.qin,104,0,0,0.0,,,,,50,wa.me:52,September 2024,China,234.0,,2025-07-21,2025-10-22,r3_session3|cand-anyelse-net,發文史無農場連結（Google 命中可能為舊文或誤配）,r3_session3_verdicts.csv
ixp44954,102,0,0,0.0,,,,,0,,August 2024,Taiwan,,,2024-12-25,2025-07-17,r3_session3|cand-qhd-adstxt,發文史無農場連結（Google 命中可能為舊文或誤配）,r3_session3_verdicts.csv
cheungna3,172,112,101,0.65,"qsh-alpha:111,cand-anyelse-net:1","wujfu.com:78,designiwe.com:10,foodszon.com:7,eoeonews.com:6,comeworlds.com:5,wiusbh.com:2",#threads5168×30,,36,"s.shopee.tw:24,skills.com:1,dote.com:1,puppys.com:1",October 2024,Hong Kong,867.0,,2025-08-05,2026-01-30,serp_candidate_r2|qsh-alpha,散布者（發文史核實）,serp_candidates_r2_verdicts.csv
tvbzuixinzixun,118,95,44,0.81,family-01:95,"vodsilo.cc:90,vivi01.com:5",,utm_term=576×44,35,,,,603.0,,2024-07-21,2025-11-15,serp_candidate_r2|cand-qhd-adstxt+family-01,散布者（發文史核實）,serp_candidates_r2_verdicts.csv
shiminyuya,174,86,86,0.49,qsh-alpha:86,"kidy-kidy.com:85,cartoontalking.com:1",,,86,"kidy.com:85,amzn.to:2",December 2023,China,3300.0,,2024-09-30,2026-05-05,serp_candidate_r2|qsh-alpha,散布者（發文史核實）,serp_candidates_r2_verdicts.csv
n510197,133,64,64,0.48,qsh-alpha:64,kidy-kidy.com:64,,,64,kidy.com:64,August 2024,Hong Kong,56.0,,2024-10-17,2025-07-29,serp_candidate_r2|qsh-alpha,散布者（發文史核實）,serp_candidates_r2_verdicts.csv
girlsnews747,113,61,60,0.54,"qsh-beta:60,family-01:1","picelse.com:60,runelse.com:1",,utm_term=1883×60,52,,July 2023,Malaysia,1600.0,,2024-05-25,2026-06-03,serp_candidate_r2|family-01+qsh-beta,散布者（發文史核實）,serp_candidates_r2_verdicts.csv
ailing_law,120,59,59,0.49,qsh-alpha:59,"lovewdk.com:50,comeworlds.com:5,cookicway.com:3,picture.t9y3c.com:1",,,50,,August 2024,Hong Kong,197.0,,2024-09-11,2026-07-17,serp_candidate_r2|qsh-alpha,散布者（發文史核實）,serp_candidates_r2_verdicts.csv
mariaheloise260,135,57,57,0.42,"cand-anyelse-net:47,qsh-alpha:10","tarooot.com:47,kidy-kidy.com:9,cartoontalking.com:1",#threads3214×3,,59,"kidy.com:9,s.shopee.tw:1",August 2024,,280.0,,2024-12-09,2025-05-08,serp_candidate_r2|cand-anyelse-net,散布者（發文史核實）,serp_candidates_r2_verdicts.csv
ashabalemd,116,56,54,0.48,qsh-alpha:56,lfqgj.com:56,,,52,99joylife.com:4,September 2024,Taiwan,,,2024-12-08,2026-06-25,serp_candidate_r2|qsh-alpha,散布者（發文史核實）,serp_candidates_r2_verdicts.csv
tvbfanssharingnews1712,108,56,56,0.52,"family-01:44,qsh-gamma:12","vivi01.com:44,videowatch.fun:12",,"utm_term=36×44,uid=1712×12",51,,June 2026,Malaysia,458.0,,2026-07-12,2026-09-05,serp_candidate_r2|family-01+qsh-gamma,散布者（發文史核實）,serp_candidates_r2_verdicts.csv
katherineouz__,122,55,55,0.45,qsh-alpha:55,"lovewdk.com:45,comeworlds.com:6,cookicway.com:2,fgnj1634.com:1,picture.t9y3c.com:1",,,48,,December 2023,Taiwan,466.0,,2024-09-11,2026-05-05,serp_candidate_r2|qsh-alpha,散布者（發文史核實）,serp_candidates_r2_verdicts.csv
langjuwu,110,55,55,0.5,cand-anyelse-net:55,praiseme12.com:55,,,53,"55likegame.com:1,jp.babyystory.com:1",August 2024,Taiwan,1300.0,,2024-09-20,2026-07-24,serp_candidate_r2|cand-anyelse-net,散布者（發文史核實）,serp_candidates_r2_verdicts.csv
news.xinwen,102,54,48,0.53,"qsh-beta:53,family-01:1","picelse.com:53,vivi01.com:1",,utm_term=9223×48,50,video.funshare.cc:2,July 2024,,,,2024-10-05,2026-03-17,serp_candidate_r2|family-01+qsh-gamma,散布者（發文史核實）,serp_candidates_r2_verdicts.csv
xinyuan3399,127,52,52,0.41,"qsh-alpha:38,cand-anyelse-net:14","pets-naivety.com:38,chiyidavip.com:14",,,53,"naivety.com:38,amzn.to:21",September 2024,Hong Kong,420.0,,2024-11-01,2025-10-29,serp_candidate_r2|qsh-alpha,散布者（發文史核實）,serp_candidates_r2_verdicts.csv
jingliang374,105,52,51,0.5,qsh-alpha:52,"lovewdk.com:49,cookicway.com:2,12beststar.com:1",,,52,,September 2024,Hong Kong,330.0,,2024-11-20,2026-06-24,serp_candidate_r2|qsh-alpha,散布者（發文史核實）,serp_candidates_r2_verdicts.csv
may_1123_0,103,52,52,0.5,qsh-alpha:52,"lfqgj.com:50,12luckyhome.com:2",,,50,,December 2023,China,206.0,,2024-09-02,2026-05-18,serp_candidate_r2|cand-docilepuppy,散布者（發文史核實）,serp_candidates_r2_verdicts.csv
ory315844,106,51,51,0.48,cand-anyelse-net:51,jp.eoomiss.com:51,,,53,"jp.styleddecoration.com:1,jp.56k88.com:1",September 2024,Taiwan,,,2024-11-27,2026-09-06,serp_candidate_r2|cand-anyelse-net,散布者（發文史核實）,serp_candidates_r2_verdicts.csv
wangting.ning,102,51,51,0.5,cand-anyelse-net:51,houseborn.com:51,,,51,,November 2024,Taiwan,180.0,,2026-08-21,2026-09-06,serp_candidate_r2|cand-anyelse-net,散布者（發文史核實）,serp_candidates_r2_verdicts.csv
q1i1jg,102,51,51,0.5,cand-singles:51,74novel.com:51,,,51,,March 2025,Hong Kong,,,2026-08-21,2026-09-06,serp_candidate_r2|cand-singles,散布者（發文史核實）,serp_candidates_r2_verdicts.csv
yixue.xiang,108,50,50,0.46,qsh-alpha:50,"lfqgj.com:45,coolsaid.com:4,12luckyhome.com:1",,,48,,August 2024,Taiwan,1200.0,,2024-12-05,2026-05-19,serp_candidate_r2|cand-anyelse-net+qsh-alpha,散布者（發文史核實）,serp_candidates_r2_verdicts.csv
arrietlinor3235,106,50,50,0.47,qsh-alpha:50,roadstert.com:50,,,50,,September 2025,Hong Kong,,,2025-12-02,2026-09-07,serp_candidate_r2|qsh-alpha,散布者（發文史核實）,serp_candidates_r2_verdicts.csv
kybfz2025,101,50,50,0.5,qsh-alpha:50,roadstert.com:50,,,50,,March 2025,Taiwan,5100.0,,2025-05-18,2026-05-20,serp_candidate_r2|qsh-alpha,散布者（發文史核實）,serp_candidates_r2_verdicts.csv
yaping3121,100,50,50,0.5,qsh-alpha:50,jkingtimes.com:50,#threads2067×50,,50,,September 2024,Taiwan,,,2026-08-22,2026-09-06,serp_candidate_r2|qsh-alpha,散布者（發文史核實）,serp_candidates_r2_verdicts.csv
sun.yunxia,100,50,50,0.5,qsh-alpha:50,lovewdk.com:50,,,50,,September 2024,Taiwan,3900.0,,2026-01-19,2026-02-04,serp_candidate_r2|qsh-alpha,散布者（發文史核實）,serp_candidates_r2_verdicts.csv
dcu97874,116,44,44,0.38,qsh-alpha:44,wujfu.com:44,,,47,s.shopee.tw:7,October 2024,Hong Kong,31400.0,,2024-10-19,2026-05-05,serp_candidate_r2|cand-anyelse-net+qsh-alpha,散布者（發文史核實）,serp_candidates_r2_verdicts.csv
turnerhugheshughes,106,42,41,0.4,qsh-gamma:42,"hknews.pro:36,hker.life:6",#12724×1,uid=12742×40,37,,May 2025,,,,2025-05-12,2026-07-21,serp_candidate_r2|family-01+qsh-beta,散布者（發文史核實）,serp_candidates_r2_verdicts.csv
qhw39489,104,42,42,0.4,qsh-alpha:42,roadstert.com:42,,,42,,September 2024,Taiwan,,,2025-01-20,2026-09-06,serp_candidate_r2|qsh-alpha,散布者（發文史核實）,serp_candidates_r2_verdicts.csv
springfred4,104,35,35,0.34,cand-anyelse-net:35,cheeselikes.com:35,,,35,,June 2025,China,,,2026-08-21,2026-09-06,serp_candidate_r2|cand-anyelse-net,散布者（發文史核實）,serp_candidates_r2_verdicts.csv
wupeiting2893,176,20,15,0.11,"cand-qhd-adstxt:14,qsh-alpha:6","lovelyhi.com:14,eoeonews.com:2,foodszon.com:2,dsawjk.com:1,comeworlds.com:1",,,41,"ohiotires.com:40,sweetastes.com:18",August 2024,Hong Kong,1800.0,,2025-09-20,2026-09-06,serp_candidate_r2|cand-anyelse-net+cand-qhd-adstxt,散布者（發文史核實）,serp_candidates_r2_verdicts.csv
cc.feng123,157,0,0,0.0,,,,,18,"buzzorange.com:1,hiking.biji.co:1",May 2024,Taiwan,,,2025-09-05,2026-09-06,serp_candidate_r2|qsh-alpha,發文史無農場連結（Google 命中可能為舊文或誤配）,serp_candidates_r2_verdicts.csv
hedy.pater,0,0,0,0.0,,,,,0,,,,,,,,serp_candidate_r2|cand-anyelse-net,未回傳（工具無資料）,serp_candidates_r2_verdicts.csv
hia3473112025,0,0,0,0.0,,,,,0,,,,,,,,serp_candidate_r2|cand-anyelse-net,未回傳（工具無資料）,serp_candidates_r2_verdicts.csv
ivanovivanebe,0,0,0,0.0,,,,,0,,,,,,,,serp_candidate_r2|qsh-alpha,未回傳（工具無資料）,serp_candidates_r2_verdicts.csv
youtubenews747,0,0,0,0.0,,,,,0,,,,,,,,serp_candidate_r2|family-01,未回傳（工具無資料）,serp_candidates_r2_verdicts.csv
youtubenews747,107,55,55,0.51,"qsh-beta:53,family-01:2","picelse.com:53,runelse.com:2",,utm_term=1883×55,52,,November 2024,Malaysia,,,2024-12-03,2025-01-12,serp_candidate_r2|family-01,散布者（發文史核實）,serp_candidates_r2b_verdicts.csv
ivanovivanebe,102,50,50,0.49,qsh-alpha:50,"cartoontalking.com:48,sarahtalkshow.com:2",,,49,,September 2024,Hong Kong,22.0,,2024-11-04,2024-12-13,serp_candidate_r2|qsh-alpha,散布者（發文史核實）,serp_candidates_r2b_verdicts.csv
hedy.pater,16,5,5,0.31,cand-anyelse-net:5,okazu.cc:5,,,5,,October 2024,Hong Kong,1800.0,,2025-04-24,2025-05-09,serp_candidate_r2|cand-anyelse-net,散布者（發文史核實）,serp_candidates_r2b_verdicts.csv
hia3473112025,0,0,0,0.0,,,,,0,,,,,,,,serp_candidate_r2|cand-anyelse-net,未回傳（工具無資料）,serp_candidates_r2b_verdicts.csv
