keywords,label
12beststar.com,qsh-alpha
666.44finefood.com,qsh-alpha
aigo7.com,qsh-alpha
cartoontalking.com,qsh-alpha
co-47.com,qsh-alpha
designiwe.com,qsh-alpha
dreamwe1.com,qsh-alpha
fgnj1634.com,qsh-alpha
foodszon.com,qsh-alpha
itigeryou.com,qsh-alpha
jkingtimes.com,qsh-alpha
lfqgj.com,qsh-alpha
lovewdk.com,qsh-alpha
lovey-puppys.com,qsh-alpha
pets-dote.com,qsh-alpha
pets-naivety.com,qsh-alpha
picture.t9y3c.com,qsh-alpha
roadstert.com,qsh-alpha
sarahtalkshow.com,qsh-alpha
uoovo.com,qsh-alpha
veltot.com,qsh-alpha
with-summer.com,qsh-alpha
wujfu.com,qsh-alpha
zavideo.successs-experience.com,qsh-alpha
picelse.com,qsh-beta
luckyelse.com,qsh-beta
tvsilo.com,qsh-beta
coms.pub,qsh-gamma
okjust.cc,qsh-gamma
goodlah.org,qsh-gamma
justshare.live,qsh-gamma
cklive.live,qsh-gamma
videowatch.fun,qsh-gamma
vidonline.org,qsh-gamma
kanwatch.site,qsh-gamma
kanwatch.com,qsh-gamma
gogovideo.net,qsh-gamma
share-video.cc,qsh-gamma
vidlah.com,qsh-gamma
ytttube.com,qsh-gamma
eeurl.press,qsh-gamma
photoshare.pro,qsh-gamma
funshare.pro,qsh-gamma
ppoo.club,qsh-gamma
cklive.net,family-01
cocovn.net,family-01
coolgirl01.com,family-01
fav543.com,family-01
ntdream.com,family-01
ptttube.com,family-01
restcookie.com,family-01
vivi01.com,family-01
runelse.com,family-01
tmmlove.com,family-01
vodsilo.cc,family-01
17travel.net,looker-17
eathealth.net,looker-17
lookerpets.com,looker-17
lookforward.cc,looker-17
tw100s.com,looker-17
17moveon.com,looker-17
how543.com,looker-17
itislooker.com,looker-17
mycomic.cc,looker-17
17readthis.com,looker-17
buzzhand.com,looker-17
look543.com,looker-17
omg4fun.com,looker-17
how01.com,looker-17
17goforward.com,looker-17
lookingforward.info,looker-17
omgnews.cc,looker-17
funtoday.news,looker-17
happyday543.com,looker-17
lookernew.com,looker-17
omg543.com,looker-17
read543.com,looker-17
starfocus.news,looker-17
